{"cameraMode":{"drawMode":0,"name":"Shaded","section":"Shading Mode"},"sceneLighting":false,"audioPlay":false,"sceneViewState":{"m_AlwaysRefresh":false,"showFog":true,"showSkybox":true,"showFlares":true,"showImageEffects":true,"showParticleSystems":true,"showVisualEffectGraphs":true,"m_FxEnabled":true},"in2DMode":false,"pivot":{"x":5.402320384979248,"y":6.974778175354004,"z":-4.79500675201416},"rotation":{"x":-0.09401028603315354,"y":-0.029552653431892396,"z":-0.0027925583999603988,"w":0.9951351881027222},"size":0.8660253882408142,"orthographic":false}